1,1,0.007
1,2,0.001
1,3,0.001
2,1,0.406
2,2,0.119
2,3,0.104
3,1,0.497
3,2,0.195
3,3,0.150
4,1,0.758
4,2,0.452
4,3,0.439
5,1,1.813
5,2,1.834
5,3,1.818
1,1,0.001
1,2,0.001
1,3,0.004
2,1,0.211
2,2,0.136
2,3,0.147
3,1,0.240
3,2,0.175
3,3,0.294
4,1,0.457
4,2,0.440
4,3,0.447
5,1,1.884
5,2,1.801
5,3,2.033
6,1,1.796
6,2,1.600
6,3,1.589
7,1,0.317
7,2,0.102
7,3,0.101
8,1,0.128
8,2,0.099
8,3,0.101
9,1,1.121
9,2,0.870
9,3,0.747
10,1,0.923
10,2,0.849
10,3,0.872
11,1,0.731
11,2,2.397
11,3,2.659
12,1,3.611
12,2,2.243
12,3,2.387
13,1,1.474
13,2,1.717
13,3,1.371
14,1,1.599
14,2,1.590
14,3,1.525
15,1,1.533
15,2,1.479
15,3,1.522
16,1,0.840
16,2,0.780
16,3,0.779
17,1,3.063
17,2,3.085
17,3,3.067
18,1,2.115
18,2,2.145
18,3,2.132
19,1,5.807
19,2,5.578
19,3,5.624
20,1,0.339
20,2,0.352
20,3,0.329
21,1,6.630
21,2,5.655
21,3,5.616
22,1,5.693
22,2,5.680
22,3,5.684
23,1,5.956
23,2,5.847
23,3,6.171
24,1,28.373
24,2,13.357
24,3,12.743
25,1,1.203
25,2,1.190
25,3,1.194
26,1,1.189
26,2,1.187
26,3,1.188
27,1,1.195
27,2,1.187
27,3,1.189
28,1,5.628
28,2,5.620
28,3,5.635
29,1,14.422
29,2,14.361
29,3,14.487
30,1,2.481
30,2,2.492
30,3,2.587
31,1,1.558
31,2,1.600
31,3,1.308
32,1,1.792
32,2,1.628
32,3,1.635
33,1,4.800
33,2,5.116
33,3,4.624
34,1,7.056
34,2,6.879
34,3,6.976
35,1,7.497
35,2,7.112
35,3,6.902
36,1,1.199
36,2,1.153
36,3,1.134
37,1,0.232
37,2,0.189
37,3,0.186
38,1,0.131
38,2,0.164
38,3,0.123
39,1,0.174
39,2,0.179
39,3,0.154
40,1,0.277
40,2,0.249
40,3,0.262
41,1,0.223
41,2,0.127
41,3,0.118
42,1,0.196
42,2,0.098
42,3,0.096
43,1,0.098
43,2,0.129
43,3,0.129
1,1,0.001
1,2,0.001
1,3,0.001
2,1,0.372
2,2,0.017
2,3,0.016
3,1,0.341
3,2,0.040
3,3,0.038
4,1,0.555
4,2,0.053
4,3,0.054
5,1,1.698
5,2,1.673
5,3,1.676
6,1,1.776
6,2,1.591
6,3,1.589
7,1,0.270
7,2,0.027
7,3,0.031
8,1,0.033
8,2,0.020
8,3,0.023
9,1,1.029
9,2,0.601
9,3,0.588
10,1,0.728
10,2,0.661
10,3,0.663
11,1,0.603
11,2,0.234
11,3,0.225
12,1,0.618
12,2,0.245
12,3,0.242
13,1,1.099
13,2,1.068
13,3,1.065
14,1,1.675
14,2,1.343
14,3,1.343
15,1,1.378
15,2,1.256
15,3,1.237
16,1,0.718
16,2,0.650
16,3,0.666
17,1,2.817
17,2,2.864
17,3,2.977
18,1,2.033
18,2,2.018
18,3,1.993
19,1,6.255
19,2,5.353
19,3,5.270
20,1,0.305
20,2,0.028
20,3,0.030
21,1,5.721
21,2,1.319
21,3,1.470
22,1,10.413
22,2,1.231
22,3,1.212
23,1,10.996
23,2,2.293
23,3,2.202
24,1,37.375
24,2,4.834
24,3,4.677
25,1,1.790
25,2,0.403
25,3,0.394
26,1,0.434
26,2,0.351
26,3,0.368
27,1,1.792
27,2,0.392
27,3,0.398
28,1,8.733
28,2,1.079
28,3,1.077
29,1,15.007
29,2,13.923
29,3,13.873
30,1,2.435
30,2,2.409
30,3,2.394
31,1,1.518
31,2,0.681
31,3,0.707
32,1,4.001
32,2,0.921
32,3,0.929
33,1,5.416
33,2,4.300
33,3,4.249
34,1,10.298
34,2,3.929
34,3,3.971
35,1,10.387
35,2,3.985
35,3,3.970
36,1,1.091
36,2,0.998
36,3,1.016
37,1,0.202
37,2,0.077
37,3,0.079
38,1,0.071
38,2,0.033
38,3,0.033
39,1,0.111
39,2,0.037
39,3,0.032
40,1,0.529
40,2,0.157
40,3,0.153
41,1,0.445
41,2,0.020
41,3,0.021
42,1,0.190
42,2,0.014
42,3,0.015
43,1,0.040
43,2,0.014
43,3,0.016
1,1,0.001
1,2,0.001
1,3,0.001
2,1,0.221
Received exception from server (version 22.10.1):
Code: 1001. DB::Exception: Received from localhost:9000. DB::Exception: std::__1::__fs::filesystem::filesystem_error: filesystem error: in create_directories: Permission denied ["/mnt/nvme/ck-cache/b3a"]. (STD_EXCEPTION)
(query: SELECT COUNT(*) FROM hits WHERE AdvEngineID <> 0;)
2,2,0.005
Received exception from server (version 22.10.1):
Code: 1001. DB::Exception: Received from localhost:9000. DB::Exception: std::__1::__fs::filesystem::filesystem_error: filesystem error: in create_directories: Permission denied ["/mnt/nvme/ck-cache/b3a"]. (STD_EXCEPTION)
(query: SELECT COUNT(*) FROM hits WHERE AdvEngineID <> 0;)
2,3,0.005
Received exception from server (version 22.10.1):
Code: 1001. DB::Exception: Received from localhost:9000. DB::Exception: std::__1::__fs::filesystem::filesystem_error: filesystem error: in create_directories: Permission denied ["/mnt/nvme/ck-cache/b3a"]. (STD_EXCEPTION)
(query: SELECT COUNT(*) FROM hits WHERE AdvEngineID <> 0;)
3,1,0.012
Received exception from server (version 22.10.1):
Code: 1001. DB::Exception: Received from localhost:9000. DB::Exception: std::__1::__fs::filesystem::filesystem_error: filesystem error: in create_directories: Permission denied ["/mnt/nvme/ck-cache/7cb"]. (STD_EXCEPTION)
(query: SELECT SUM(AdvEngineID), COUNT(*), AVG(ResolutionWidth) FROM hits;)
3,2,0.005
Received exception from server (version 22.10.1):
Code: 1001. DB::Exception: Received from localhost:9000. DB::Exception: std::__1::__fs::filesystem::filesystem_error: filesystem error: in create_directories: Permission denied ["/mnt/nvme/ck-cache/7cb"]. (STD_EXCEPTION)
(query: SELECT SUM(AdvEngineID), COUNT(*), AVG(ResolutionWidth) FROM hits;)
3,3,0.005
Received exception from server (version 22.10.1):
Code: 1001. DB::Exception: Received from localhost:9000. DB::Exception: std::__1::__fs::filesystem::filesystem_error: filesystem error: in create_directories: Permission denied ["/mnt/nvme/ck-cache/7cb"]. (STD_EXCEPTION)
(query: SELECT SUM(AdvEngineID), COUNT(*), AVG(ResolutionWidth) FROM hits;)
4,1,0.011
Received exception from server (version 22.10.1):
Code: 1001. DB::Exception: Received from localhost:9000. DB::Exception: std::__1::__fs::filesystem::filesystem_error: filesystem error: in create_directories: Permission denied ["/mnt/nvme/ck-cache/b30"]. (STD_EXCEPTION)
(query: SELECT AVG(UserID) FROM hits;)
4,2,0.004
Received exception from server (version 22.10.1):
Code: 1001. DB::Exception: Received from localhost:9000. DB::Exception: std::__1::__fs::filesystem::filesystem_error: filesystem error: in create_directories: Permission denied ["/mnt/nvme/ck-cache/b30"]. (STD_EXCEPTION)
(query: SELECT AVG(UserID) FROM hits;)
4,3,0.004
Received exception from server (version 22.10.1):
Code: 1001. DB::Exception: Received from localhost:9000. DB::Exception: std::__1::__fs::filesystem::filesystem_error: filesystem error: in create_directories: Permission denied ["/mnt/nvme/ck-cache/b30"]. (STD_EXCEPTION)
(query: SELECT AVG(UserID) FROM hits;)
5,1,0.011
Received exception from server (version 22.10.1):
Code: 1001. DB::Exception: Received from localhost:9000. DB::Exception: std::__1::__fs::filesystem::filesystem_error: filesystem error: in create_directories: Permission denied ["/mnt/nvme/ck-cache/b30"]. (STD_EXCEPTION)
(query: SELECT COUNT(DISTINCT UserID) FROM hits;)
5,2,0.005
Received exception from server (version 22.10.1):
Code: 1001. DB::Exception: Received from localhost:9000. DB::Exception: std::__1::__fs::filesystem::filesystem_error: filesystem error: in create_directories: Permission denied ["/mnt/nvme/ck-cache/b30"]. (STD_EXCEPTION)
(query: SELECT COUNT(DISTINCT UserID) FROM hits;)
5,3,0.004
Received exception from server (version 22.10.1):
Code: 1001. DB::Exception: Received from localhost:9000. DB::Exception: std::__1::__fs::filesystem::filesystem_error: filesystem error: in create_directories: Permission denied ["/mnt/nvme/ck-cache/b30"]. (STD_EXCEPTION)
(query: SELECT COUNT(DISTINCT UserID) FROM hits;)
6,1,0.010
Received exception from server (version 22.10.1):
Code: 1001. DB::Exception: Received from localhost:9000. DB::Exception: std::__1::__fs::filesystem::filesystem_error: filesystem error: in create_directories: Permission denied ["/mnt/nvme/ck-cache/4ad"]. (STD_EXCEPTION)
(query: SELECT COUNT(DISTINCT SearchPhrase) FROM hits;)
6,2,0.005
Received exception from server (version 22.10.1):
Code: 1001. DB::Exception: Received from localhost:9000. DB::Exception: std::__1::__fs::filesystem::filesystem_error: filesystem error: in create_directories: Permission denied ["/mnt/nvme/ck-cache/4ad"]. (STD_EXCEPTION)
(query: SELECT COUNT(DISTINCT SearchPhrase) FROM hits;)
6,3,0.005
Received exception from server (version 22.10.1):
Code: 1001. DB::Exception: Received from localhost:9000. DB::Exception: std::__1::__fs::filesystem::filesystem_error: filesystem error: in create_directories: Permission denied ["/mnt/nvme/ck-cache/4ad"]. (STD_EXCEPTION)
(query: SELECT COUNT(DISTINCT SearchPhrase) FROM hits;)
7,1,0.011
Received exception from server (version 22.10.1):
Code: 1001. DB::Exception: Received from localhost:9000. DB::Exception: std::__1::__fs::filesystem::filesystem_error: filesystem error: in create_directories: Permission denied ["/mnt/nvme/ck-cache/4ac"]. (STD_EXCEPTION)
(query: SELECT MIN(EventDate), MAX(EventDate) FROM hits;)
7,2,0.005
Received exception from server (version 22.10.1):
Code: 1001. DB::Exception: Received from localhost:9000. DB::Exception: std::__1::__fs::filesystem::filesystem_error: filesystem error: in create_directories: Permission denied ["/mnt/nvme/ck-cache/4ac"]. (STD_EXCEPTION)
(query: SELECT MIN(EventDate), MAX(EventDate) FROM hits;)
7,3,0.005
Received exception from server (version 22.10.1):
Code: 1001. DB::Exception: Received from localhost:9000. DB::Exception: std::__1::__fs::filesystem::filesystem_error: filesystem error: in create_directories: Permission denied ["/mnt/nvme/ck-cache/4ac"]. (STD_EXCEPTION)
(query: SELECT MIN(EventDate), MAX(EventDate) FROM hits;)
8,1,0.010
Received exception from server (version 22.10.1):
Code: 1001. DB::Exception: Received from localhost:9000. DB::Exception: std::__1::__fs::filesystem::filesystem_error: filesystem error: in create_directories: Permission denied ["/mnt/nvme/ck-cache/b3a"]. (STD_EXCEPTION)
(query: SELECT AdvEngineID, COUNT(*) FROM hits WHERE AdvEngineID <> 0 GROUP BY AdvEngineID ORDER BY COUNT(*) DESC;)
8,2,0.005
Received exception from server (version 22.10.1):
Code: 1001. DB::Exception: Received from localhost:9000. DB::Exception: std::__1::__fs::filesystem::filesystem_error: filesystem error: in create_directories: Permission denied ["/mnt/nvme/ck-cache/b3a"]. (STD_EXCEPTION)
(query: SELECT AdvEngineID, COUNT(*) FROM hits WHERE AdvEngineID <> 0 GROUP BY AdvEngineID ORDER BY COUNT(*) DESC;)
8,3,0.005
Received exception from server (version 22.10.1):
Code: 1001. DB::Exception: Received from localhost:9000. DB::Exception: std::__1::__fs::filesystem::filesystem_error: filesystem error: in create_directories: Permission denied ["/mnt/nvme/ck-cache/b3a"]. (STD_EXCEPTION)
(query: SELECT AdvEngineID, COUNT(*) FROM hits WHERE AdvEngineID <> 0 GROUP BY AdvEngineID ORDER BY COUNT(*) DESC;)
1,1,0.002
1,2,0.001
1,3,0.001
2,1,0.458
2,2,0.016
2,3,0.015
3,1,0.603
3,2,0.039
3,3,0.037
4,1,0.670
4,2,0.053
4,3,0.052
5,1,1.716
5,2,1.686
5,3,1.740
6,1,1.941
6,2,1.442
6,3,1.535
7,1,0.432
7,2,0.031
7,3,0.027
8,1,0.029
8,2,0.019
8,3,0.020
9,1,1.063
9,2,0.592
9,3,0.590
10,1,0.694
10,2,0.656
10,3,0.652
11,1,0.523
11,2,0.219
11,3,0.214
12,1,0.604
12,2,0.264
12,3,0.231
13,1,1.106
13,2,1.073
13,3,1.066
14,1,1.380
14,2,1.371
14,3,1.341
15,1,1.404
15,2,1.226
15,3,1.214
16,1,0.706
16,2,0.656
16,3,0.676
17,1,2.995
17,2,2.831
17,3,2.843
18,1,2.017
18,2,1.996
18,3,2.012
19,1,6.110
19,2,5.332
19,3,5.352
20,1,0.052
20,2,0.026
20,3,0.048
21,1,6.121
21,2,1.359
21,3,1.307
22,1,3.425
22,2,1.284
22,3,1.259
23,1,4.586
23,2,2.161
23,3,2.202
24,1,22.212
24,2,4.629
24,3,4.660
25,1,0.454
25,2,0.395
25,3,0.406
26,1,0.357
26,2,0.376
26,3,0.352
27,1,0.447
27,2,0.400
27,3,0.402
28,1,2.668
28,2,1.089
28,3,1.064
29,1,14.472
29,2,13.917
29,3,13.851
30,1,2.396
30,2,2.385
30,3,2.410
31,1,0.815
31,2,0.695
31,3,0.697
32,1,1.278
32,2,0.925
32,3,0.930
33,1,4.444
33,2,4.333
33,3,4.299
34,1,4.257
34,2,3.992
34,3,4.044
35,1,4.419
35,2,4.131
35,3,3.934
36,1,1.045
36,2,1.017
36,3,0.991
37,1,0.150
37,2,0.082
37,3,0.075
38,1,0.043
38,2,0.041
38,3,0.034
39,1,0.080
39,2,0.033
39,3,0.033
40,1,0.219
40,2,0.155
40,3,0.153
41,1,0.164
41,2,0.023
41,3,0.020
42,1,0.087
42,2,0.020
42,3,0.014
43,1,0.025
43,2,0.016
43,3,0.015
1,1,0.001
1,2,0.001
1,3,0.001
2,1,0.502
2,2,0.018
2,3,0.015
3,1,0.577
3,2,0.038
3,3,0.039
4,1,0.774
4,2,0.051
4,3,0.054
5,1,1.704
5,2,1.677
5,3,1.672
6,1,2.408
6,2,1.547
6,3,1.600
7,1,0.428
7,2,0.029
7,3,0.028
8,1,0.039
8,2,0.019
8,3,0.022
9,1,1.097
9,2,0.588
9,3,0.597
10,1,0.711
10,2,0.682
10,3,0.659
11,1,0.653
11,2,0.221
11,3,0.219
12,1,0.641
12,2,0.232
12,3,0.256
13,1,1.080
13,2,1.090
13,3,1.080
14,1,1.360
14,2,1.379
14,3,1.325
15,1,1.449
15,2,1.240
15,3,1.243
16,1,0.714
16,2,0.659
16,3,0.656
17,1,3.024
17,2,2.695
17,3,2.933
18,1,2.045
18,2,2.001
18,3,2.009
19,1,6.038
19,2,5.421
19,3,5.347
20,1,0.083
20,2,0.058
20,3,0.027
21,1,7.212
21,2,1.358
21,3,1.299
22,1,6.810
22,2,1.199
22,3,1.356
23,1,7.303
23,2,2.175
23,3,2.184
24,1,29.784
24,2,4.581
24,3,4.651
25,1,0.917
25,2,0.438
25,3,0.396
26,1,0.380
26,2,0.359
26,3,0.356
27,1,0.849
27,2,0.402
27,3,0.408
28,1,5.581
28,2,1.085
28,3,1.077
29,1,14.544
29,2,13.985
29,3,13.973
30,1,2.406
30,2,2.390
30,3,2.425
31,1,1.128
31,2,0.701
31,3,0.671
32,1,2.492
32,2,0.939
32,3,0.939
33,1,4.437
33,2,4.360
33,3,4.281
34,1,7.174
34,2,3.977
34,3,3.977
35,1,7.041
35,2,4.001
35,3,3.977
36,1,1.079
36,2,0.991
36,3,1.020
37,1,0.193
37,2,0.075
37,3,0.074
38,1,0.059
38,2,0.034
38,3,0.034
39,1,0.106
39,2,0.037
39,3,0.035
40,1,0.253
40,2,0.150
40,3,0.147
41,1,0.186
41,2,0.022
41,3,0.022
42,1,0.097
42,2,0.015
42,3,0.025
43,1,0.074
43,2,0.014
43,3,0.014
1,1,0.003
1,2,0.001
1,3,0.001
2,1,0.541
2,2,0.098
2,3,0.115
3,1,0.586
3,2,0.193
3,3,0.172
4,1,0.712
4,2,0.532
4,3,0.446
5,1,1.776
5,2,1.807
5,3,1.816
6,1,2.061
6,2,1.715
6,3,1.718
7,1,0.687
7,2,0.108
7,3,0.105
8,1,0.123
8,2,0.113
8,3,0.122
9,1,1.190
9,2,0.809
9,3,0.775
10,1,0.904
10,2,0.862
10,3,0.991
11,1,0.781
11,2,0.540
11,3,0.566
12,1,0.709
12,2,0.515
12,3,0.520
13,1,1.385
13,2,1.378
13,3,1.377
14,1,1.523
14,2,1.550
14,3,1.529
15,1,1.551
15,2,1.519
15,3,1.534
16,1,0.812
16,2,0.763
16,3,0.774
17,1,3.056
17,2,3.055
17,3,3.056
18,1,2.161
18,2,2.143
18,3,2.135
19,1,6.831
19,2,5.685
19,3,5.524
20,1,0.297
20,2,0.298
20,3,0.293
21,1,6.959
21,2,5.716
21,3,5.624
22,1,5.716
22,2,5.711
22,3,5.708
23,1,5.991
23,2,6.079
23,3,6.211
24,1,32.119
24,2,12.262
24,3,12.779
25,1,1.201
25,2,1.189
25,3,1.188
26,1,1.193
26,2,1.189
26,3,1.189
27,1,1.192
27,2,1.187
27,3,1.186
28,1,5.627
28,2,5.622
28,3,5.621
29,1,14.685
29,2,14.370
29,3,14.353
30,1,2.499
30,2,2.478
30,3,2.474
31,1,1.309
31,2,1.309
31,3,2.321
32,1,1.472
32,2,1.746
32,3,1.618
33,1,4.820
33,2,4.795
33,3,4.853
34,1,6.886
34,2,6.976
34,3,6.928
35,1,6.880
35,2,6.891
35,3,6.890
36,1,1.210
36,2,1.159
36,3,1.206
37,1,0.253
37,2,0.186
37,3,0.199
38,1,0.167
38,2,0.178
38,3,0.169
39,1,0.217
39,2,0.170
39,3,0.168
40,1,0.306
40,2,0.274
40,3,0.298
41,1,0.306
41,2,0.139
41,3,0.139
42,1,0.157
42,2,0.156
42,3,0.184
43,1,0.143
43,2,0.138
43,3,0.113
1,1,0.002
1,2,0.001
1,3,0.001
2,1,0.300
2,2,0.015
2,3,0.017
3,1,0.411
3,2,0.037
3,3,0.036
4,1,0.606
4,2,0.051
4,3,0.053
5,1,1.715
5,2,1.693
5,3,1.638
6,1,1.895
6,2,1.630
6,3,1.606
7,1,0.296
7,2,0.024
7,3,0.043
8,1,0.041
8,2,0.025
8,3,0.023
9,1,0.926
9,2,0.585
9,3,0.589
10,1,0.707
10,2,0.658
10,3,0.698
11,1,0.759
11,2,0.211
11,3,0.211
12,1,0.628
12,2,0.242
12,3,0.245
13,1,1.092
13,2,1.089
13,3,1.093
14,1,1.689
14,2,1.353
14,3,1.361
15,1,1.330
15,2,1.200
15,3,1.236
16,1,0.720
16,2,0.665
16,3,0.671
17,1,2.985
17,2,2.986
17,3,3.003
18,1,1.984
18,2,2.072
18,3,2.059
19,1,5.906
19,2,5.403
19,3,5.435
20,1,0.116
20,2,0.025
20,3,0.021
21,1,5.706
21,2,1.318
21,3,1.300
22,1,10.418
22,2,1.220
22,3,1.207
23,1,10.711
23,2,2.154
23,3,2.158
24,1,39.115
24,2,4.717
24,3,4.762
25,1,1.830
25,2,0.408
25,3,0.419
26,1,0.391
26,2,0.352
26,3,0.352
27,1,1.838
27,2,0.407
27,3,0.407
28,1,8.683
28,2,1.125
28,3,1.057
29,1,14.656
29,2,13.959
29,3,13.847
30,1,2.432
30,2,2.391
30,3,2.418
31,1,1.464
31,2,0.685
31,3,0.661
32,1,3.952
32,2,0.942
32,3,0.920
33,1,5.298
33,2,4.312
33,3,4.292
34,1,10.351
34,2,3.955
34,3,4.060
35,1,10.237
35,2,3.949
35,3,3.970
36,1,1.129
36,2,0.999
36,3,0.991
37,1,0.152
37,2,0.098
37,3,0.078
38,1,0.072
38,2,0.033
38,3,0.040
39,1,0.098
39,2,0.030
39,3,0.030
40,1,0.223
40,2,0.149
40,3,0.156
41,1,0.129
41,2,0.021
41,3,0.019
42,1,0.074
42,2,0.015
42,3,0.015
43,1,0.048
43,2,0.017
43,3,0.016
1,1,0.002
1,2,0.001
1,3,0.002
2,1,0.420
2,2,0.016
2,3,0.015
3,1,0.375
3,2,0.036
3,3,0.041
4,1,0.570
4,2,0.053
4,3,0.053
5,1,1.703
5,2,1.687
5,3,1.647
6,1,1.887
6,2,1.597
6,3,1.579
7,1,0.288
7,2,0.031
7,3,0.027
8,1,0.034
8,2,0.019
8,3,0.022
9,1,0.989
9,2,0.608
9,3,0.585
10,1,0.728
10,2,0.681
10,3,0.672
11,1,0.575
11,2,0.215
11,3,0.209
12,1,0.531
12,2,0.251
12,3,0.241
13,1,1.123
13,2,1.087
13,3,1.038
14,1,1.379
14,2,1.343
14,3,1.370
15,1,1.303
15,2,1.243
15,3,1.228
16,1,0.713
16,2,0.666
16,3,0.651
17,1,2.957
17,2,2.932
17,3,2.892
18,1,2.091
18,2,2.037
18,3,1.944
19,1,6.090
19,2,5.363
19,3,5.257
20,1,0.086
20,2,0.041
20,3,0.028
21,1,5.799
21,2,1.283
21,3,1.360
22,1,6.792
22,2,1.268
22,3,1.232
23,1,7.029
23,2,2.194
23,3,2.166
24,1,26.268
24,2,4.683
24,3,4.629
25,1,0.889
25,2,0.451
25,3,0.401
26,1,0.416
26,2,0.358
26,3,0.390
27,1,0.846
27,2,0.418
27,3,0.399
28,1,5.588
28,2,1.098
28,3,1.102
29,1,14.458
29,2,14.018
29,3,13.869
30,1,2.421
30,2,2.384
30,3,2.392
31,1,1.131
31,2,0.690
31,3,0.702
32,1,2.500
32,2,0.941
32,3,0.905
33,1,4.436
33,2,4.382
33,3,4.296
34,1,7.116
34,2,4.036
34,3,3.935
35,1,6.994
35,2,3.988
35,3,3.916
36,1,1.075
36,2,1.003
36,3,0.998
37,1,0.148
37,2,0.082
37,3,0.076
38,1,0.061
38,2,0.032
38,3,0.036
39,1,0.097
39,2,0.032
39,3,0.033
40,1,0.201
40,2,0.148
40,3,0.146
41,1,0.144
41,2,0.019
41,3,0.019
42,1,0.083
42,2,0.017
42,3,0.014
43,1,0.034
43,2,0.017
43,3,0.013
1,1,0.001
1,2,0.001
1,3,0.001
2,1,0.299
2,2,0.017
2,3,0.016
3,1,0.361
3,2,0.042
3,3,0.042
4,1,0.532
4,2,0.050
4,3,0.050
5,1,1.699
5,2,1.683
5,3,1.650
6,1,1.893
6,2,1.608
6,3,1.624
7,1,0.275
7,2,0.027
7,3,0.030
8,1,0.028
8,2,0.021
8,3,0.025
9,1,0.896
9,2,0.609
9,3,0.582
10,1,0.696
10,2,0.660
10,3,0.654
11,1,0.540
11,2,0.218
11,3,0.220
12,1,0.598
12,2,0.243
12,3,0.244
13,1,1.096
13,2,1.061
13,3,1.094
14,1,1.370
14,2,1.341
14,3,1.381
15,1,1.324
15,2,1.206
15,3,1.214
16,1,0.702
16,2,0.666
16,3,0.674
17,1,2.990
17,2,2.644
17,3,2.936
18,1,2.020
18,2,2.038
18,3,2.034
19,1,5.260
19,2,5.393
19,3,5.491
20,1,0.045
20,2,0.025
20,3,0.026
21,1,5.829
21,2,1.415
21,3,1.466
22,1,3.374
22,2,1.217
22,3,1.198
23,1,4.415
23,2,2.207
23,3,2.171
24,1,21.464
24,2,4.680
24,3,4.643
25,1,0.456
25,2,0.457
25,3,0.396
26,1,0.373
26,2,0.350
26,3,0.358
27,1,0.435
27,2,0.396
27,3,0.394
28,1,2.994
28,2,1.127
28,3,1.069
29,1,14.544
29,2,13.904
29,3,13.877
30,1,2.402
30,2,2.396
30,3,2.393
31,1,0.779
31,2,0.696
31,3,0.688
32,1,1.275
32,2,0.913
32,3,0.933
33,1,4.466
33,2,4.286
33,3,4.277
34,1,4.164
34,2,3.962
34,3,3.942
35,1,4.316
35,2,3.995
35,3,3.952
36,1,1.034
36,2,0.985
36,3,0.995
37,1,0.128
37,2,0.082
37,3,0.080
38,1,0.043
38,2,0.039
38,3,0.036
39,1,0.084
39,2,0.030
39,3,0.030
40,1,0.192
40,2,0.148
40,3,0.143
41,1,0.122
41,2,0.019
41,3,0.021
42,1,0.068
42,2,0.015
42,3,0.015
43,1,0.022
43,2,0.015
43,3,0.014
1,1,0.003
1,2,0.001
1,3,0.001
2,1,0.497
2,2,0.015
2,3,0.015
3,1,0.661
3,2,0.043
3,3,0.038
4,1,0.899
4,2,0.056
4,3,0.052
5,1,1.732
5,2,1.653
5,3,1.684
6,1,2.572
6,2,1.532
6,3,1.588
7,1,0.468
7,2,0.039
7,3,0.028
8,1,0.039
8,2,0.021
8,3,0.025
9,1,1.255
9,2,0.689
9,3,0.595
10,1,0.719
10,2,0.654
10,3,0.665
11,1,0.651
11,2,0.220
11,3,0.214
12,1,0.720
12,2,0.249
12,3,0.246
13,1,1.135
13,2,1.080
13,3,1.037
14,1,1.411
14,2,1.338
14,3,1.341
15,1,2.251
15,2,1.200
15,3,1.216
16,1,0.716
16,2,0.665
16,3,0.654
17,1,3.018
17,2,2.916
17,3,3.078
18,1,2.202
18,2,2.025
18,3,1.832
19,1,5.902
19,2,5.213
19,3,5.405
20,1,0.093
20,2,0.040
20,3,0.024
21,1,8.944
21,2,1.339
21,3,1.334
22,1,6.794
22,2,1.275
22,3,1.213
23,1,7.307
23,2,2.185
23,3,2.318
24,1,33.337
24,2,4.662
24,3,4.717
25,1,0.911
25,2,0.415
25,3,0.464
26,1,0.406
26,2,0.408
26,3,0.363
27,1,0.852
27,2,0.409
27,3,0.399
28,1,5.591
28,2,1.359
28,3,1.349
29,1,15.327
29,2,14.442
29,3,14.518
30,1,2.413
30,2,2.365
30,3,2.380
31,1,1.155
31,2,0.721
31,3,0.735
32,1,2.373
32,2,0.933
32,3,0.927
33,1,4.495
33,2,4.294
33,3,4.285
34,1,7.109
34,2,4.007
34,3,3.960
35,1,7.030
35,2,4.013
35,3,3.932
36,1,1.069
36,2,1.031
36,3,0.993
37,1,0.193
37,2,0.076
37,3,0.081
38,1,0.056
38,2,0.035
38,3,0.035
39,1,0.121
39,2,0.035
39,3,0.030
40,1,0.255
40,2,0.145
40,3,0.165
41,1,0.231
41,2,0.022
41,3,0.020
42,1,0.130
42,2,0.016
42,3,0.023
43,1,0.029
43,2,0.017
43,3,0.014
1,1,0.001
1,2,0.001
1,3,0.001
2,1,2.950
2,2,0.015
2,3,0.016
3,1,1.231
3,2,0.042
3,3,0.040
4,1,1.623
4,2,0.054
4,3,0.053
5,1,1.725
5,2,1.645
5,3,1.656
6,1,2.917
6,2,1.637
6,3,1.622
7,1,0.460
7,2,0.029
7,3,0.030
8,1,0.033
8,2,0.024
8,3,0.023
9,1,1.318
9,2,0.613
9,3,0.602
10,1,0.719
10,2,0.681
10,3,0.732
11,1,0.723
11,2,0.260
11,3,0.253
12,1,0.695
12,2,0.242
12,3,0.251
13,1,1.109
13,2,1.092
13,3,1.046
14,1,1.399
14,2,1.353
14,3,1.340
15,1,1.596
15,2,1.217
15,3,1.240
16,1,0.693
16,2,0.659
16,3,0.660
17,1,3.020
17,2,2.901
17,3,2.974
18,1,2.082
18,2,2.092
18,3,2.115
19,1,6.466
19,2,5.449
19,3,5.359
20,1,0.083
20,2,0.021
20,3,0.022
21,1,9.718
21,2,1.440
21,3,2.133
22,1,3.571
22,2,1.232
22,3,1.277
23,1,6.888
23,2,2.142
23,3,2.212
24,1,24.819
24,2,4.964
24,3,4.771
25,1,0.455
25,2,0.413
25,3,0.409
26,1,0.393
26,2,0.355
26,3,0.398
27,1,0.422
27,2,0.408
27,3,0.406
28,1,2.789
28,2,1.103
28,3,1.080
29,1,16.675
29,2,14.352
29,3,15.100
30,1,2.394
30,2,2.370
30,3,2.384
31,1,0.841
31,2,0.669
31,3,0.671
32,1,1.533
32,2,0.927
32,3,0.940
33,1,4.315
33,2,4.353
33,3,4.450
34,1,4.140
34,2,4.008
34,3,3.944
35,1,4.431
35,2,3.973
35,3,3.978
36,1,1.052
36,2,1.022
36,3,1.129
37,1,0.188
37,2,0.090
37,3,0.094
38,1,0.063
38,2,0.048
38,3,0.043
39,1,0.111
39,2,0.035
39,3,0.032
40,1,0.247
40,2,0.147
40,3,0.156
41,1,0.206
41,2,0.021
41,3,0.019
42,1,0.115
42,2,0.016
42,3,0.017
43,1,0.027
43,2,0.014
43,3,0.020
1,1,0.001
1,2,0.001
1,3,0.001
2,1,0.498
2,2,0.025
2,3,0.016
3,1,0.658
3,2,0.045
3,3,0.052
4,1,0.988
4,2,0.053
4,3,0.052
5,1,1.665
5,2,1.669
5,3,1.709
6,1,2.739
6,2,1.646
6,3,1.608
7,1,0.402
7,2,0.030
7,3,0.030
8,1,0.040
8,2,0.024
8,3,0.021
9,1,1.142
9,2,0.616
9,3,0.602
10,1,0.756
10,2,0.654
10,3,0.658
11,1,0.627
11,2,0.231
11,3,0.234
12,1,0.741
12,2,0.257
12,3,0.248
13,1,1.105
13,2,1.097
13,3,1.088
14,1,1.679
14,2,1.417
14,3,1.377
15,1,1.637
15,2,1.245
15,3,1.246
16,1,0.715
16,2,0.657
16,3,0.647
17,1,3.024
17,2,2.943
17,3,2.894
18,1,2.064
18,2,2.051
18,3,2.039
19,1,6.457
19,2,5.577
19,3,5.356
20,1,0.104
20,2,0.023
20,3,0.021
21,1,10.591
21,2,1.376
21,3,1.344
22,1,10.347
22,2,1.248
22,3,1.264
23,1,11.436
23,2,2.205
23,3,2.188
24,1,41.998
24,2,4.686
24,3,4.781
25,1,1.790
25,2,0.492
25,3,0.496
26,1,0.390
26,2,0.354
26,3,0.358
27,1,1.859
27,2,0.415
27,3,0.405
28,1,8.596
28,2,1.082
28,3,1.061
29,1,15.337
29,2,14.550
29,3,14.150
30,1,2.393
30,2,2.392
30,3,2.398
31,1,1.530
31,2,0.703
31,3,0.669
32,1,4.079
32,2,0.930
32,3,0.885
33,1,5.368
33,2,4.312
33,3,4.289
34,1,10.310
34,2,3.949
34,3,3.976
35,1,10.163
35,2,4.052
35,3,4.154
36,1,1.085
36,2,0.994
36,3,1.000
37,1,0.184
37,2,0.082
37,3,0.087
38,1,0.063
38,2,0.035
38,3,0.041
39,1,0.131
39,2,0.030
39,3,0.032
40,1,0.258
40,2,0.166
40,3,0.148
41,1,0.224
41,2,0.025
41,3,0.021
42,1,0.115
42,2,0.014
42,3,0.015
43,1,0.043
43,2,0.016
43,3,0.015
1,1,0.002
1,2,0.001
1,3,0.002
2,1,0.479
2,2,0.018
2,3,0.015
3,1,0.578
3,2,0.037
3,3,0.037
4,1,0.790
4,2,0.051
4,3,0.054
5,1,1.733
5,2,1.722
5,3,2.225
6,1,2.572
6,2,1.424
6,3,1.418
7,1,0.157
7,2,0.035
7,3,0.027
8,1,0.022
8,2,0.018
8,3,0.017
9,1,0.973
9,2,0.614
9,3,0.609
10,1,0.701
10,2,0.685
10,3,0.666
11,1,0.552
11,2,0.238
11,3,0.220
12,1,0.522
12,2,0.250
12,3,0.254
13,1,1.001
13,2,0.973
13,3,0.956
14,1,1.224
14,2,1.223
14,3,1.195
15,1,1.556
15,2,1.043
15,3,1.067
16,1,0.697
16,2,0.667
16,3,0.653
17,1,2.739
17,2,2.724
17,3,2.676
18,1,1.838
18,2,1.753
18,3,1.712
19,1,5.832
19,2,5.035
19,3,4.781
20,1,0.054
20,2,0.041
20,3,0.023
21,1,12.422
21,2,1.715
21,3,1.668
22,1,3.301
22,2,1.258
22,3,1.248
23,1,6.490
23,2,2.204
23,3,2.098
24,1,18.588
24,2,5.556
24,3,5.440
25,1,0.413
25,2,0.358
25,3,0.376
26,1,0.329
26,2,0.310
26,3,0.337
27,1,0.375
27,2,0.366
27,3,0.358
28,1,2.639
28,2,1.618
28,3,1.383
29,1,16.196
29,2,15.851
29,3,15.450
30,1,2.407
30,2,2.409
30,3,2.419
31,1,0.683
31,2,0.648
31,3,0.644
32,1,1.708
32,2,0.907
32,3,1.045
33,1,4.510
33,2,4.397
33,3,4.359
34,1,4.312
34,2,4.162
34,3,4.203
35,1,4.686
35,2,4.133
35,3,4.192
36,1,1.063
36,2,1.023
36,3,1.022
37,1,0.095
37,2,0.082
37,3,0.096
38,1,0.046
38,2,0.036
38,3,0.041
39,1,0.041
39,2,0.034
39,3,0.030
40,1,0.171
40,2,0.170
40,3,0.163
41,1,0.027
41,2,0.028
41,3,0.019
42,1,0.019
42,2,0.013
42,3,0.013
43,1,0.023
43,2,0.018
43,3,0.019
1,1,0.001
1,2,0.001
1,3,0.001
2,1,0.205
2,2,0.053
2,3,0.056
3,1,0.303
3,2,0.142
3,3,0.106
4,1,0.616
4,2,0.404
4,3,0.446
5,1,1.797
5,2,1.976
5,3,2.106
6,1,1.751
6,2,1.641
6,3,1.593
7,1,0.118
7,2,0.058
7,3,0.057
8,1,0.052
8,2,0.051
8,3,0.048
9,1,0.884
9,2,0.720
9,3,0.714
10,1,0.833
10,2,0.806
10,3,0.806
11,1,0.554
11,2,0.465
11,3,0.476
12,1,0.494
12,2,0.461
12,3,0.467
13,1,1.164
13,2,1.156
13,3,1.162
14,1,1.397
14,2,1.444
14,3,1.403
15,1,1.257
15,2,1.260
15,3,1.211
16,1,0.785
16,2,0.777
16,3,0.880
17,1,3.227
17,2,2.872
17,3,2.761
18,1,1.957
18,2,1.955
18,3,1.972
19,1,5.157
19,2,5.033
19,3,5.120
20,1,0.426
20,2,0.545
20,3,0.376
21,1,10.028
21,2,7.092
21,3,7.203
22,1,7.142
22,2,7.160
22,3,7.146
23,1,7.521
23,2,7.158
23,3,7.157
24,1,20.187
24,2,14.523
24,3,14.356
25,1,0.977
25,2,0.970
25,3,0.971
26,1,0.969
26,2,0.968
26,3,0.966
27,1,0.974
27,2,0.970
27,3,0.968
28,1,7.100
28,2,7.104
28,3,7.157
29,1,16.974
29,2,15.973
29,3,16.976
30,1,2.479
30,2,2.441
30,3,2.446
31,1,1.107
31,2,1.095
31,3,1.099
32,1,1.587
32,2,1.563
32,3,1.601
33,1,4.663
33,2,4.784
33,3,4.624
34,1,8.377
34,2,8.346
34,3,8.310
35,1,8.332
35,2,8.323
35,3,8.384
36,1,1.150
36,2,1.242
36,3,1.249
37,1,0.199
37,2,0.173
37,3,0.151
38,1,0.087
38,2,0.114
38,3,0.083
39,1,0.176
39,2,0.134
39,3,0.134
40,1,0.237
40,2,0.227
40,3,0.209
41,1,0.220
41,2,0.069
41,3,0.070
42,1,0.071
42,2,0.059
42,3,0.057
43,1,0.072
43,2,0.058
43,3,0.057
1,1,0.001
1,2,0.001
1,3,0.002
2,1,0.180
2,2,0.014
2,3,0.016
3,1,0.153
3,2,0.039
3,3,0.038
4,1,0.555
4,2,0.050
4,3,0.057
5,1,1.783
5,2,1.766
5,3,1.712
6,1,1.639
6,2,1.466
6,3,1.453
7,1,0.138
7,2,0.029
7,3,0.027
8,1,0.024
8,2,0.021
8,3,0.025
9,1,0.891
9,2,0.632
9,3,0.599
10,1,0.725
10,2,0.677
10,3,0.686
11,1,0.369
11,2,0.220
11,3,0.220
12,1,0.427
12,2,0.242
12,3,0.243
13,1,0.984
13,2,0.924
13,3,0.943
14,1,1.693
14,2,1.324
14,3,1.526
15,1,1.550
15,2,1.034
15,3,1.081
16,1,0.818
16,2,0.663
16,3,0.669
17,1,2.760
17,2,2.670
17,3,2.610
18,1,1.830
18,2,1.651
18,3,1.791
19,1,5.463
19,2,4.984
19,3,5.317
20,1,0.137
20,2,0.024
20,3,0.030
21,1,7.220
21,2,1.607
21,3,1.638
22,1,10.318
22,2,1.354
22,3,1.234
23,1,10.879
23,2,2.039
23,3,2.035
24,1,37.897
24,2,5.551
24,3,5.351
25,1,1.797
25,2,0.355
25,3,0.347
26,1,0.387
26,2,0.311
26,3,0.322
27,1,1.959
27,2,0.356
27,3,0.362
28,1,8.867
28,2,1.325
28,3,1.245
29,1,17.029
29,2,15.445
29,3,16.450
30,1,2.441
30,2,2.391
30,3,2.400
31,1,1.468
31,2,0.638
31,3,0.618
32,1,3.936
32,2,0.920
32,3,0.899
33,1,5.280
33,2,4.614
33,3,4.331
34,1,10.967
34,2,4.152
34,3,4.194
35,1,10.602
35,2,4.107
35,3,4.151
36,1,1.058
36,2,1.003
36,3,1.004
37,1,0.126
37,2,0.089
37,3,0.083
38,1,0.063
38,2,0.040
38,3,0.035
39,1,0.047
39,2,0.032
39,3,0.030
40,1,0.182
40,2,0.163
40,3,0.160
41,1,0.038
41,2,0.018
41,3,0.020
42,1,0.029
42,2,0.015
42,3,0.014
43,1,0.031
43,2,0.014
43,3,0.014
1,1,0.001
1,2,0.001
1,3,0.001
2,1,0.238
2,2,0.015
2,3,0.014
3,1,0.385
3,2,0.036
3,3,0.039
4,1,0.787
4,2,0.067
4,3,0.056
5,1,1.963
5,2,1.690
5,3,1.708
6,1,1.992
6,2,1.458
6,3,1.475
7,1,0.151
7,2,0.028
7,3,0.026
8,1,0.027
8,2,0.023
8,3,0.018
9,1,0.850
9,2,0.606
9,3,0.600
10,1,0.723
10,2,0.671
10,3,0.668
11,1,0.378
11,2,0.244
11,3,0.235
12,1,0.425
12,2,0.252
12,3,0.254
13,1,0.987
13,2,0.949
13,3,0.945
14,1,1.236
14,2,1.185
14,3,1.200
15,1,1.272
15,2,1.062
15,3,1.022
16,1,0.741
16,2,0.759
16,3,0.818
17,1,2.903
17,2,2.703
17,3,2.613
18,1,1.851
18,2,1.796
18,3,1.715
19,1,5.451
19,2,4.683
19,3,5.392
20,1,0.123
20,2,0.036
20,3,0.027
21,1,8.984
21,2,1.712
21,3,1.615
22,1,6.806
22,2,1.252
22,3,1.485
23,1,7.360
23,2,2.109
23,3,2.113
24,1,27.350
24,2,5.283
24,3,5.465
25,1,0.945
25,2,0.365
25,3,0.413
26,1,0.343
26,2,0.310
26,3,0.327
27,1,0.851
27,2,0.357
27,3,0.362
28,1,6.136
28,2,1.313
28,3,1.257
29,1,16.432
29,2,16.528
29,3,15.492
30,1,2.413
30,2,2.415
30,3,2.413
31,1,1.052
31,2,0.717
31,3,0.688
32,1,2.434
32,2,0.882
32,3,0.872
33,1,4.427
33,2,4.316
33,3,4.249
34,1,8.079
34,2,4.320
34,3,4.138
35,1,7.426
35,2,4.129
35,3,4.217
36,1,1.065
36,2,1.027
36,3,1.014
37,1,0.117
37,2,0.092
37,3,0.085
38,1,0.055
38,2,0.035
38,3,0.036
39,1,0.055
39,2,0.034
39,3,0.035
40,1,0.181
40,2,0.160
40,3,0.171
41,1,0.039
41,2,0.021
41,3,0.023
42,1,0.030
42,2,0.016
42,3,0.021
43,1,0.031
43,2,0.021
43,3,0.015
